{
  "op": "logistic_regression",
  "attributes": {
    "num_classes": {
      "long": 3
    },
    "coefficient_matrix": {
      "double": [0.0, 0.0, 0.0, 0.0, 0.34153313471032953, 0.0, 0.0, -0.18349575224397396, 0.0, 0.13590690791949775, -0.3623888344339416, 0.0],
      "shape": {
        "dimensions": [{
          "size": 3,
          "name": ""
        }, {
          "size": 4,
          "name": ""
        }]
      },
      "type": "tensor"
    },
    "intercept_vector": {
      "double": [0.0014131333348957557, -0.0028262666697915113, 0.0014131333348957557],
      "shape": {
        "dimensions": [{
          "size": 3,
          "name": ""
        }]
      },
      "type": "tensor"
    }
  }
}